Id,Name
006Qy000008YpDYIA0,Burlington Textiles Weaving Plant Generator
006Qy000008YpDBIA0,Dickenson Mobile Generators
006Qy000008YpDfIAK,Edge Emergency Generator
006Qy000008YpDFIA0,Edge Emergency Generator
006Qy000008YpDQIA0,Edge Installation
006Qy000008YpDRIA0,Edge SLA
006Qy000008YpDMIA0,Express Logistics Portable Truck Generators
006Qy000008YpDWIA0,Express Logistics SLA
006Qy000008YpDIIA0,Express Logistics Standby Generator
006Qy000008YpDNIA0,GenePoint Lab Generators
006Qy000008YpDOIA0,GenePoint SLA
006Qy000008YpDJIA0,GenePoint Standby Generator
006Qy000008YpDdIAK,Grand Hotels Emergency Generators
006Qy000008YpDTIA0,Grand Hotels Generator Installations
006Qy000008YpDKIA0,Grand Hotels Guest Portable Generators
006Qy000008YpDCIA0,Grand Hotels Kitchen Generator
006Qy000008YpDbIAK,Grand Hotels SLA
006Qy000008YpDLIA0,Pyramid Emergency Generators
006Qy000008YpDaIAK,United Oil Emergency Generators
006Qy000008YpDSIA0,United Oil Installations
006Qy000008YpDPIA0,United Oil Installations
006Qy000008YpDZIA0,United Oil Installations
006Qy000008YpDHIA0,United Oil Office Portable Generators
006Qy000008YpDeIAK,United Oil Plant Standby Generators
006Qy000008YpDDIA0,United Oil Refinery Generators
006Qy000008YpDUIA0,United Oil Refinery Generators
006Qy000008YpDEIA0,United Oil SLA
006Qy000008YpDcIAK,United Oil Standby Generators
006Qy000008YpDVIA0,University of AZ Installations
006Qy000008YpDGIA0,University of AZ Portable Generators
006Qy000008YpDXIA0,University of AZ SLA
